id1,id2,day
1,2,100
1,3,100
1,4,100
1,5,100
1,6,100
1,519,98
1,368,98
1,522,98
2,3,100
2,4,100
2,5,100
2,6,100
2,74,87
2,466,87
2,32,87
3,4,100
3,5,100
3,6,100
4,5,100
4,6,100
4,519,98
4,368,98
4,522,98
5,6,100
5,449,93
5,589,93
5,40,93
7,8,100
7,9,100
7,10,100
7,11,100
7,12,100
7,575,92
7,608,92
7,152,92
8,9,100
8,10,100
8,11,100
8,12,100
8,169,95
8,310,95
8,125,95
8,294,95
9,10,100
9,11,100
9,12,100
9,437,95
9,108,95
10,11,100
10,12,100
11,12,100
11,43,90
13,14,100
13,15,100
13,16,100
13,17,100
13,18,100
13,544,98
13,577,98
14,15,100
14,16,100
14,17,100
14,18,100
14,492,95
15,16,100
15,17,100
15,18,100
15,492,95
16,17,100
16,18,100
16,236,90
16,601,90
17,18,100
17,21,89
17,521,89
17,60,89
19,20,100
19,21,100
19,22,100
19,23,100
19,24,100
19,507,94
19,335,94
20,21,100
20,22,100
20,23,100
20,24,100
20,319,98
20,556,98
20,175,98
20,408,98
21,22,100
21,23,100
21,24,100
21,521,89
21,60,89
22,23,100
22,24,100
22,504,91
22,237,91
22,217,91
23,24,100
23,574,88
23,133,88
23,441,88
23,196,88
25,26,100
25,27,100
25,28,100
25,29,100
25,30,100
25,138,90
25,415,90
26,27,100
26,28,100
26,29,100
26,30,100
26,210,95
26,110,95
26,202,95
27,28,100
27,29,100
27,30,100
28,29,100
28,30,100
28,79,93
29,30,100
29,262,94
29,157,94
31,32,100
31,33,100
31,34,100
31,35,100
31,36,100
31,268,93
32,33,100
32,34,100
32,35,100
32,36,100
33,34,100
33,35,100
33,36,100
33,607,90
33,25,90
33,138,90
33,415,90
34,35,100
34,36,100
35,36,100
35,476,97
35,591,97
35,366,97
37,38,100
37,39,100
37,40,100
37,41,100
37,42,100
37,171,87
37,10,87
38,39,100
38,40,100
38,41,100
38,42,100
38,511,89
38,190,89
38,455,89
38,34,89
39,40,100
39,41,100
39,42,100
39,531,92
40,41,100
40,42,100
41,42,100
41,136,93
43,44,100
43,45,100
43,46,100
43,47,100
43,48,100
44,45,100
44,46,100
44,47,100
44,48,100
45,46,100
45,47,100
45,48,100
46,47,100
46,48,100
46,195,95
46,283,95
46,299,95
46,360,95
47,48,100
47,147,87
47,592,87
47,96,87
49,50,100
49,51,100
49,52,100
49,53,100
49,54,100
49,42,92
50,51,100
50,52,100
50,53,100
50,54,100
50,462,98
50,434,98
50,135,98
51,52,100
51,53,100
51,54,100
51,203,88
51,559,88
52,53,100
52,54,100
53,54,100
55,56,100
55,57,100
55,58,100
55,59,100
55,60,100
55,222,88
55,545,88
55,365,88
56,57,100
56,58,100
56,59,100
56,60,100
56,571,97
56,215,97
57,58,100
57,59,100
57,60,100
57,67,95
58,59,100
58,60,100
58,557,95
58,550,95
59,60,100
59,300,88
61,62,100
61,63,100
61,64,100
61,65,100
61,66,100
61,228,92
61,178,92
61,49,92
61,42,92
62,63,100
62,64,100
62,65,100
62,66,100
62,598,87
62,625,87
63,64,100
63,65,100
63,66,100
63,414,93
63,232,93
63,31,93
63,268,93
64,65,100
64,66,100
64,256,87
64,383,87
64,375,87
64,487,87
65,66,100
65,218,89
65,257,89
65,126,89
67,68,100
67,69,100
67,70,100
67,71,100
67,72,100
68,69,100
68,70,100
68,71,100
68,72,100
68,597,87
68,327,87
68,517,87
68,288,87
69,70,100
69,71,100
69,72,100
69,371,93
69,97,93
69,469,93
69,340,93
70,71,100
70,72,100
70,304,87
70,62,87
70,598,87
70,625,87
71,72,100
71,242,98
71,250,98
71,81,98
73,74,100
73,75,100
73,76,100
73,77,100
73,78,100
73,71,98
73,242,98
73,250,98
73,81,98
74,75,100
74,76,100
74,77,100
74,78,100
74,466,87
74,32,87
75,76,100
75,77,100
75,78,100
75,328,92
75,581,92
75,622,92
76,77,100
76,78,100
76,439,90
77,78,100
77,605,89
79,80,100
79,81,100
79,82,100
79,83,100
79,84,100
80,81,100
80,82,100
80,83,100
80,84,100
80,385,96
80,343,96
81,82,100
81,83,100
81,84,100
82,83,100
82,84,100
83,84,100
83,107,90
85,86,100
85,87,100
85,88,100
85,89,100
85,90,100
85,247,92
86,87,100
86,88,100
86,89,100
86,90,100
86,364,94
87,88,100
87,89,100
87,90,100
87,401,97
87,422,97
87,388,97
87,3,97
88,89,100
88,90,100
88,172,98
89,90,100
89,65,89
89,218,89
89,257,89
89,126,89
91,92,100
91,93,100
91,94,100
91,95,100
91,96,100
91,194,92
91,182,92
91,85,92
91,247,92
92,93,100
92,94,100
92,95,100
92,96,100
92,11,90
92,43,90
93,94,100
93,95,100
93,96,100
93,526,91
93,163,91
93,115,91
94,95,100
94,96,100
94,161,90
94,333,90
94,229,90
95,96,100
95,417,97
95,44,97
97,98,100
97,99,100
97,100,100
97,101,100
97,102,100
97,469,93
97,340,93
98,99,100
98,100,100
98,101,100
98,102,100
98,151,92
98,456,92
99,100,100
99,101,100
99,102,100
99,457,93
100,101,100
100,102,100
100,159,91
100,323,91
101,102,100
103,104,100
103,105,100
103,106,100
103,107,100
103,108,100
103,19,94
103,507,94
103,335,94
104,105,100
104,106,100
104,107,100
104,108,100
104,350,98
104,503,98
105,106,100
105,107,100
105,108,100
106,107,100
106,108,100
106,324,96
107,108,100
109,110,100
109,111,100
109,112,100
109,113,100
109,114,100
109,586,96
109,153,96
109,106,96
109,324,96
110,111,100
110,112,100
110,113,100
110,114,100
110,202,95
111,112,100
111,113,100
111,114,100
111,424,92
111,226,92
112,113,100
112,114,100
112,432,95
113,114,100
113,480,97
113,578,97
115,116,100
115,117,100
115,118,100
115,119,100
115,120,100
116,117,100
116,118,100
116,119,100
116,120,100
116,573,91
116,508,91
117,118,100
117,119,100
117,120,100
117,567,90
117,331,90
118,119,100
118,120,100
118,267,98
118,13,98
118,544,98
118,577,98
119,120,100
119,212,93
119,384,93
119,387,93
119,297,93
121,122,100
121,123,100
121,124,100
121,125,100
121,126,100
121,587,95
121,15,95
121,14,95
121,492,95
122,123,100
122,124,100
122,125,100
122,126,100
122,139,88
122,345,88
122,59,88
122,300,88
123,124,100
123,125,100
123,126,100
123,329,93
123,500,93
123,263,93
124,125,100
124,126,100
124,399,97
124,555,97
124,179,97
124,351,97
125,126,100
125,294,95
127,128,100
127,129,100
127,130,100
127,131,100
127,132,100
127,80,96
127,385,96
127,343,96
128,129,100
128,130,100
128,131,100
128,132,100
128,459,90
128,184,90
128,279,90
128,421,90
129,130,100
129,131,100
129,132,100
129,370,96
129,566,96
129,167,96
129,359,96
130,131,100
130,132,100
130,221,90
130,332,90
130,339,90
131,132,100
131,428,88
133,134,100
133,135,100
133,136,100
133,137,100
133,138,100
133,441,88
133,196,88
134,135,100
134,136,100
134,137,100
134,138,100
134,26,95
134,210,95
134,110,95
134,202,95
135,136,100
135,137,100
135,138,100
136,137,100
136,138,100
137,138,100
137,612,95
137,82,95
139,140,100
139,141,100
139,142,100
139,143,100
139,144,100
139,345,88
139,59,88
139,300,88
140,141,100
140,142,100
140,143,100
140,144,100
140,191,97
140,95,97
140,417,97
140,44,97
141,142,100
141,143,100
141,144,100
142,143,100
142,144,100
142,349,94
142,277,94
142,86,94
142,364,94
143,144,100
143,50,98
143,462,98
143,434,98
143,135,98
145,146,100
145,147,100
145,148,100
145,149,100
145,150,100
145,245,92
145,356,92
145,407,92
146,147,100
146,148,100
146,149,100
146,150,100
146,322,97
147,148,100
147,149,100
147,150,100
147,592,87
147,96,87
148,149,100
148,150,100
148,35,97
148,476,97
148,591,97
148,366,97
149,150,100
149,616,91
149,389,91
149,234,91
151,152,100
151,153,100
151,154,100
151,155,100
151,156,100
151,456,92
152,153,100
152,154,100
152,155,100
152,156,100
153,154,100
153,155,100
153,156,100
153,106,96
153,324,96
154,155,100
154,156,100
154,56,97
154,571,97
154,215,97
155,156,100
157,158,100
157,159,100
157,160,100
157,161,100
157,162,100
158,159,100
158,160,100
158,161,100
158,162,100
158,41,93
158,136,93
159,160,100
159,161,100
159,162,100
159,323,91
160,161,100
160,162,100
160,505,97
161,162,100
161,333,90
161,229,90
163,164,100
163,165,100
163,166,100
163,167,100
163,168,100
163,115,91
164,165,100
164,166,100
164,167,100
164,168,100
164,287,98
164,515,98
164,516,98
164,27,98
165,166,100
165,167,100
165,168,100
165,105,90
166,167,100
166,168,100
166,225,93
166,615,93
166,28,93
166,79,93
167,168,100
167,359,96
169,170,100
169,171,100
169,172,100
169,173,100
169,174,100
169,310,95
169,125,95
169,294,95
170,171,100
170,172,100
170,173,100
170,174,100
170,192,94
170,204,94
170,405,94
170,187,94
171,172,100
171,173,100
171,174,100
171,10,87
172,173,100
172,174,100
173,174,100
173,369,94
175,176,100
175,177,100
175,178,100
175,179,100
175,180,100
175,408,98
176,177,100
176,178,100
176,179,100
176,180,100
176,551,94
176,606,94
176,543,94
176,334,94
177,178,100
177,179,100
177,180,100
177,447,95
177,496,95
178,179,100
178,180,100
178,49,92
178,42,92
179,180,100
179,351,97
181,182,100
181,183,100
181,184,100
181,185,100
181,186,100
181,419,96
181,539,96
181,352,96
181,498,96
182,183,100
182,184,100
182,185,100
182,186,100
182,85,92
182,247,92
183,184,100
183,185,100
183,186,100
183,604,91
183,430,91
183,306,91
183,207,91
184,185,100
184,186,100
184,279,90
184,421,90
185,186,100
185,253,92
185,39,92
185,531,92
187,188,100
187,189,100
187,190,100
187,191,100
187,192,100
188,189,100
188,190,100
188,191,100
188,192,100
188,94,90
188,161,90
188,333,90
188,229,90
189,190,100
189,191,100
189,192,100
189,584,87
189,530,87
190,191,100
190,192,100
190,455,89
190,34,89
191,192,100
191,95,97
191,417,97
191,44,97
193,194,100
193,195,100
193,196,100
193,197,100
193,198,100
193,410,93
193,224,93
193,474,93
193,594,93
194,195,100
194,196,100
194,197,100
194,198,100
194,182,92
194,85,92
194,247,92
195,196,100
195,197,100
195,198,100
195,283,95
195,299,95
195,360,95
196,197,100
196,198,100
197,198,100
197,92,90
197,11,90
197,43,90
199,200,100
199,201,100
199,202,100
199,203,100
199,204,100
200,201,100
200,202,100
200,203,100
200,204,100
200,165,90
200,105,90
201,202,100
201,203,100
201,204,100
201,289,94
201,227,94
201,18,94
202,203,100
202,204,100
203,204,100
203,559,88
205,206,100
205,207,100
205,208,100
205,209,100
205,210,100
205,538,98
205,537,98
205,326,98
205,155,98
206,207,100
206,208,100
206,209,100
206,210,100
206,582,90
206,200,90
206,165,90
206,105,90
207,208,100
207,209,100
207,210,100
208,209,100
208,210,100
208,271,96
208,311,96
208,90,96
208,431,96
209,210,100
209,312,97
209,160,97
209,505,97
211,212,100
211,213,100
211,214,100
211,215,100
211,216,100
211,460,89
211,303,89
211,77,89
211,605,89
212,213,100
212,214,100
212,215,100
212,216,100
212,384,93
212,387,93
212,297,93
213,214,100
213,215,100
213,216,100
213,330,89
213,260,89
213,436,89
213,255,89
214,215,100
214,216,100
214,66,88
215,216,100
217,218,100
217,219,100
217,220,100
217,221,100
217,222,100
218,219,100
218,220,100
218,221,100
218,222,100
218,257,89
218,126,89
219,220,100
219,221,100
219,222,100
219,454,90
219,269,90
219,353,90
219,336,90
220,221,100
220,222,100
220,524,93
220,458,93
221,222,100
221,332,90
221,339,90
223,224,100
223,225,100
223,226,100
223,227,100
223,228,100
223,291,92
223,144,92
223,620,92
223,273,92
224,225,100
224,226,100
224,227,100
224,228,100
224,474,93
224,594,93
225,226,100
225,227,100
225,228,100
225,615,93
225,28,93
225,79,93
226,227,100
226,228,100
227,228,100
227,18,94
229,230,100
229,231,100
229,232,100
229,233,100
229,234,100
230,231,100
230,232,100
230,233,100
230,234,100
230,564,90
230,602,90
231,232,100
231,233,100
231,234,100
231,342,94
231,156,94
232,233,100
232,234,100
232,31,93
232,268,93
233,234,100
233,468,91
233,477,91
233,373,91
233,355,91
235,236,100
235,237,100
235,238,100
235,239,100
235,240,100
235,610,92
235,546,92
235,347,92
236,237,100
236,238,100
236,239,100
236,240,100
236,601,90
237,238,100
237,239,100
237,240,100
237,217,91
238,239,100
238,240,100
238,451,90
239,240,100
239,150,96
239,570,96
239,244,96
241,242,100
241,243,100
241,244,100
241,245,100
241,246,100
241,409,87
241,37,87
241,171,87
241,10,87
242,243,100
242,244,100
242,245,100
242,246,100
242,250,98
242,81,98
243,244,100
243,245,100
243,246,100
243,274,90
243,230,90
243,564,90
243,602,90
244,245,100
244,246,100
245,246,100
245,356,92
245,407,92
247,248,100
247,249,100
247,250,100
247,251,100
247,252,100
248,249,100
248,250,100
248,251,100
248,252,100
249,250,100
249,251,100
249,252,100
249,528,92
249,315,92
249,308,92
249,53,92
250,251,100
250,252,100
250,81,98
251,252,100
251,201,94
251,289,94
251,227,94
251,18,94
253,254,100
253,255,100
253,256,100
253,257,100
253,258,100
253,39,92
253,531,92
254,255,100
254,256,100
254,257,100
254,258,100
254,361,97
255,256,100
255,257,100
255,258,100
256,257,100
256,258,100
256,383,87
256,375,87
256,487,87
257,258,100
257,126,89
259,260,100
259,261,100
259,262,100
259,263,100
259,264,100
259,479,91
259,292,91
260,261,100
260,262,100
260,263,100
260,264,100
260,436,89
260,255,89
261,262,100
261,263,100
261,264,100
262,263,100
262,264,100
262,157,94
263,264,100
265,266,100
265,267,100
265,268,100
265,269,100
265,270,100
265,549,94
265,397,94
265,561,94
265,320,94
266,267,100
266,268,100
266,269,100
266,270,100
266,346,88
266,131,88
266,428,88
267,268,100
267,269,100
267,270,100
267,13,98
267,544,98
267,577,98
268,269,100
268,270,100
269,270,100
269,353,90
269,336,90
271,272,100
271,273,100
271,274,100
271,275,100
271,276,100
271,311,96
271,90,96
271,431,96
272,273,100
272,274,100
272,275,100
272,276,100
272,588,92
272,590,92
272,258,92
272,199,92
273,274,100
273,275,100
273,276,100
274,275,100
274,276,100
274,230,90
274,564,90
274,602,90
275,276,100
275,481,95
275,317,95
275,162,95
275,141,95
277,278,100
277,279,100
277,280,100
277,281,100
277,282,100
277,86,94
277,364,94
278,279,100
278,280,100
278,281,100
278,282,100
278,542,98
279,280,100
279,281,100
279,282,100
279,421,90
280,281,100
280,282,100
280,461,94
280,54,94
280,488,94
280,463,94
281,282,100
281,123,93
281,329,93
281,500,93
281,263,93
283,284,100
283,285,100
283,286,100
283,287,100
283,288,100
283,299,95
283,360,95
284,285,100
284,286,100
284,287,100
284,288,100
284,104,98
284,350,98
284,503,98
285,286,100
285,287,100
285,288,100
285,580,92
286,287,100
286,288,100
286,47,87
286,147,87
286,592,87
286,96,87
287,288,100
287,515,98
287,516,98
287,27,98
289,290,100
289,291,100
289,292,100
289,293,100
289,294,100
289,227,94
289,18,94
290,291,100
290,292,100
290,293,100
290,294,100
290,30,89
290,45,89
291,292,100
291,293,100
291,294,100
291,144,92
291,620,92
291,273,92
292,293,100
292,294,100
293,294,100
293,560,94
293,446,94
293,599,94
293,261,94
295,296,100
295,297,100
295,298,100
295,299,100
295,300,100
295,510,90
295,378,90
295,52,90
296,297,100
296,298,100
296,299,100
296,300,100
296,396,94
296,29,94
296,262,94
296,157,94
297,298,100
297,299,100
297,300,100
298,299,100
298,300,100
298,239,96
298,150,96
298,570,96
298,244,96
299,300,100
299,360,95
301,302,100
301,303,100
301,304,100
301,305,100
301,306,100
301,377,98
301,88,98
301,172,98
302,303,100
302,304,100
302,305,100
302,306,100
303,304,100
303,305,100
303,306,100
303,77,89
303,605,89
304,305,100
304,306,100
304,62,87
304,598,87
304,625,87
305,306,100
305,609,89
305,186,89
305,520,89
307,308,100
307,309,100
307,310,100
307,311,100
307,312,100
307,117,90
307,567,90
307,331,90
308,309,100
308,310,100
308,311,100
308,312,100
308,53,92
309,310,100
309,311,100
309,312,100
309,145,92
309,245,92
309,356,92
309,407,92
310,311,100
310,312,100
310,125,95
310,294,95
311,312,100
311,90,96
311,431,96
313,314,100
313,315,100
313,316,100
313,317,100
313,318,100
313,83,90
313,107,90
314,315,100
314,316,100
314,317,100
314,318,100
314,595,90
314,362,90
314,76,90
314,439,90
315,316,100
315,317,100
315,318,100
315,308,92
315,53,92
316,317,100
316,318,100
316,99,93
316,457,93
317,318,100
317,162,95
317,141,95
319,320,100
319,321,100
319,322,100
319,323,100
319,324,100
319,556,98
319,175,98
319,408,98
320,321,100
320,322,100
320,323,100
320,324,100
321,322,100
321,323,100
321,324,100
321,621,96
321,418,96
321,174,96
321,425,96
322,323,100
322,324,100
323,324,100
325,326,100
325,327,100
325,328,100
325,329,100
325,330,100
325,552,90
325,535,90
325,402,90
326,327,100
326,328,100
326,329,100
326,330,100
326,155,98
327,328,100
327,329,100
327,330,100
327,517,87
327,288,87
328,329,100
328,330,100
328,581,92
328,622,92
329,330,100
329,500,93
329,263,93
331,332,100
331,333,100
331,334,100
331,335,100
331,336,100
332,333,100
332,334,100
332,335,100
332,336,100
332,339,90
333,334,100
333,335,100
333,336,100
333,229,90
334,335,100
334,336,100
335,336,100
337,338,100
337,339,100
337,340,100
337,341,100
337,342,100
337,209,97
337,312,97
337,160,97
337,505,97
338,339,100
338,340,100
338,341,100
338,342,100
338,376,89
338,445,89
339,340,100
339,341,100
339,342,100
340,341,100
340,342,100
341,342,100
341,453,92
341,420,92
341,484,92
341,386,92
343,344,100
343,345,100
343,346,100
343,347,100
343,348,100
344,345,100
344,346,100
344,347,100
344,348,100
344,84,97
344,113,97
344,480,97
344,578,97
345,346,100
345,347,100
345,348,100
345,59,88
345,300,88
346,347,100
346,348,100
346,131,88
346,428,88
347,348,100
349,350,100
349,351,100
349,352,100
349,353,100
349,354,100
349,277,94
349,86,94
349,364,94
350,351,100
350,352,100
350,353,100
350,354,100
350,503,98
351,352,100
351,353,100
351,354,100
352,353,100
352,354,100
352,498,96
353,354,100
353,336,90
355,356,100
355,357,100
355,358,100
355,359,100
355,360,100
356,357,100
356,358,100
356,359,100
356,360,100
356,407,92
357,358,100
357,359,100
357,360,100
357,443,90
357,499,90
357,101,90
358,359,100
358,360,100
358,429,97
358,276,97
359,360,100
361,362,100
361,363,100
361,364,100
361,365,100
361,366,100
362,363,100
362,364,100
362,365,100
362,366,100
362,76,90
362,439,90
363,364,100
363,365,100
363,366,100
363,284,98
363,104,98
363,350,98
363,503,98
364,365,100
364,366,100
365,366,100
367,368,100
367,369,100
367,370,100
367,371,100
367,372,100
367,565,90
367,16,90
367,236,90
367,601,90
368,369,100
368,370,100
368,371,100
368,372,100
368,522,98
369,370,100
369,371,100
369,372,100
370,371,100
370,372,100
370,566,96
370,167,96
370,359,96
371,372,100
371,97,93
371,469,93
371,340,93
373,374,100
373,375,100
373,376,100
373,377,100
373,378,100
373,355,91
374,375,100
374,376,100
374,377,100
374,378,100
374,259,91
374,479,91
374,292,91
375,376,100
375,377,100
375,378,100
375,487,87
376,377,100
376,378,100
376,445,89
377,378,100
377,88,98
377,172,98
379,380,100
379,381,100
379,382,100
379,383,100
379,384,100
379,285,92
379,580,92
380,381,100
380,382,100
380,383,100
380,384,100
380,264,88
380,51,88
380,203,88
380,559,88
381,382,100
381,383,100
381,384,100
381,252,95
381,473,95
381,112,95
381,432,95
382,383,100
382,384,100
382,471,94
382,465,94
383,384,100
383,375,87
383,487,87
385,386,100
385,387,100
385,388,100
385,389,100
385,390,100
385,343,96
386,387,100
386,388,100
386,389,100
386,390,100
387,388,100
387,389,100
387,390,100
387,297,93
388,389,100
388,390,100
388,3,97
389,390,100
389,234,91
391,392,100
391,393,100
391,394,100
391,395,100
391,396,100
391,554,92
391,379,92
391,285,92
391,580,92
392,393,100
392,394,100
392,395,100
392,396,100
392,316,93
392,99,93
392,457,93
393,394,100
393,395,100
393,396,100
393,613,91
393,116,91
393,573,91
393,508,91
394,395,100
394,396,100
394,576,95
394,9,95
394,437,95
394,108,95
395,396,100
395,103,94
395,19,94
395,507,94
395,335,94
397,398,100
397,399,100
397,400,100
397,401,100
397,402,100
397,561,94
397,320,94
398,399,100
398,400,100
398,401,100
398,402,100
398,22,91
398,504,91
398,237,91
398,217,91
399,400,100
399,401,100
399,402,100
399,555,97
399,179,97
399,351,97
400,401,100
400,402,100
400,120,87
400,189,87
400,584,87
400,530,87
401,402,100
401,422,97
401,388,97
401,3,97
403,404,100
403,405,100
403,406,100
403,407,100
403,408,100
403,307,90
403,117,90
403,567,90
403,331,90
404,405,100
404,406,100
404,407,100
404,408,100
404,132,97
404,216,97
404,146,97
404,322,97
405,406,100
405,407,100
405,408,100
405,187,94
406,407,100
406,408,100
406,600,90
406,313,90
406,83,90
406,107,90
407,408,100
409,410,100
409,411,100
409,412,100
409,413,100
409,414,100
409,37,87
409,171,87
409,10,87
410,411,100
410,412,100
410,413,100
410,414,100
410,224,93
410,474,93
410,594,93
411,412,100
411,413,100
411,414,100
411,525,94
412,413,100
412,414,100
412,7,92
412,575,92
412,608,92
412,152,92
413,414,100
413,254,97
413,361,97
415,416,100
415,417,100
415,418,100
415,419,100
415,420,100
416,417,100
416,418,100
416,419,100
416,420,100
416,452,97
416,562,97
417,418,100
417,419,100
417,420,100
417,44,97
418,419,100
418,420,100
418,174,96
418,425,96
419,420,100
419,539,96
419,352,96
419,498,96
421,422,100
421,423,100
421,424,100
421,425,100
421,426,100
422,423,100
422,424,100
422,425,100
422,426,100
422,388,97
422,3,97
423,424,100
423,425,100
423,426,100
423,611,92
423,98,92
423,151,92
423,456,92
424,425,100
424,426,100
424,226,92
425,426,100
427,428,100
427,429,100
427,430,100
427,431,100
427,432,100
427,509,92
427,302,92
428,429,100
428,430,100
428,431,100
428,432,100
429,430,100
429,431,100
429,432,100
429,276,97
430,431,100
430,432,100
430,306,91
430,207,91
431,432,100
433,434,100
433,435,100
433,436,100
433,437,100
433,438,100
433,282,89
433,338,89
433,376,89
433,445,89
434,435,100
434,436,100
434,437,100
434,438,100
434,135,98
435,436,100
435,437,100
435,438,100
435,58,95
435,557,95
435,550,95
436,437,100
436,438,100
436,255,89
437,438,100
437,108,95
439,440,100
439,441,100
439,442,100
439,443,100
439,444,100
440,441,100
440,442,100
440,443,100
440,444,100
440,48,93
440,220,93
440,524,93
440,458,93
441,442,100
441,443,100
441,444,100
441,196,88
442,443,100
442,444,100
442,603,88
443,444,100
443,499,90
443,101,90
445,446,100
445,447,100
445,448,100
445,449,100
445,450,100
446,447,100
446,448,100
446,449,100
446,450,100
446,599,94
446,261,94
447,448,100
447,449,100
447,450,100
447,496,95
448,449,100
448,450,100
448,534,94
448,614,94
448,411,94
448,525,94
449,450,100
449,589,93
449,40,93
451,452,100
451,453,100
451,454,100
451,455,100
451,456,100
452,453,100
452,454,100
452,455,100
452,456,100
452,562,97
453,454,100
453,455,100
453,456,100
453,420,92
453,484,92
453,386,92
454,455,100
454,456,100
454,269,90
454,353,90
454,336,90
455,456,100
455,34,89
457,458,100
457,459,100
457,460,100
457,461,100
457,462,100
458,459,100
458,460,100
458,461,100
458,462,100
459,460,100
459,461,100
459,462,100
459,184,90
459,279,90
459,421,90
460,461,100
460,462,100
460,303,89
460,77,89
460,605,89
461,462,100
461,54,94
461,488,94
461,463,94
463,464,100
463,465,100
463,466,100
463,467,100
463,468,100
464,465,100
464,466,100
464,467,100
464,468,100
464,57,95
464,67,95
465,466,100
465,467,100
465,468,100
466,467,100
466,468,100
466,32,87
467,468,100
467,435,95
467,58,95
467,557,95
467,550,95
469,470,100
469,471,100
469,472,100
469,473,100
469,474,100
469,340,93
470,471,100
470,472,100
470,473,100
470,474,100
470,130,90
470,221,90
470,332,90
470,339,90
471,472,100
471,473,100
471,474,100
471,465,94
472,473,100
472,474,100
472,558,96
472,180,96
472,569,96
472,495,96
473,474,100
473,112,95
473,432,95
475,476,100
475,477,100
475,478,100
475,479,100
475,480,100
475,579,90
475,238,90
475,451,90
476,477,100
476,478,100
476,479,100
476,480,100
476,591,97
476,366,97
477,478,100
477,479,100
477,480,100
477,373,91
477,355,91
478,479,100
478,480,100
478,618,95
478,354,95
478,248,95
479,480,100
479,292,91
481,482,100
481,483,100
481,484,100
481,485,100
481,486,100
481,317,95
481,162,95
481,141,95
482,483,100
482,484,100
482,485,100
482,486,100
482,450,94
482,231,94
482,342,94
482,156,94
483,484,100
483,485,100
483,486,100
483,75,92
483,328,92
483,581,92
483,622,92
484,485,100
484,486,100
484,386,92
485,486,100
485,624,88
485,214,88
485,66,88
487,488,100
487,489,100
487,490,100
487,491,100
487,492,100
488,489,100
488,490,100
488,491,100
488,492,100
488,463,94
489,490,100
489,491,100
489,492,100
489,295,90
489,510,90
489,378,90
489,52,90
490,491,100
490,492,100
490,475,90
490,579,90
490,238,90
490,451,90
491,492,100
491,270,93
491,158,93
491,41,93
491,136,93
493,494,100
493,495,100
493,496,100
493,497,100
493,498,100
493,357,90
493,443,90
493,499,90
493,101,90
494,495,100
494,496,100
494,497,100
494,498,100
494,185,92
494,253,92
494,39,92
494,531,92
495,496,100
495,497,100
495,498,100
496,497,100
496,498,100
497,498,100
497,305,89
497,609,89
497,186,89
497,520,89
499,500,100
499,501,100
499,502,100
499,503,100
499,504,100
499,101,90
500,501,100
500,502,100
500,503,100
500,504,100
500,263,93
501,502,100
501,503,100
501,504,100
501,563,89
501,290,89
501,30,89
501,45,89
502,503,100
502,504,100
502,382,94
502,471,94
502,465,94
503,504,100
505,506,100
505,507,100
505,508,100
505,509,100
505,510,100
506,507,100
506,508,100
506,509,100
506,510,100
506,390,88
506,442,88
506,603,88
507,508,100
507,509,100
507,510,100
507,335,94
508,509,100
508,510,100
509,510,100
509,302,92
511,512,100
511,513,100
511,514,100
511,515,100
511,516,100
511,190,89
511,455,89
511,34,89
512,513,100
512,514,100
512,515,100
512,516,100
512,536,94
512,529,94
512,173,94
512,369,94
513,514,100
513,515,100
513,516,100
513,235,92
513,610,92
513,546,92
513,347,92
514,515,100
514,516,100
514,518,95
514,464,95
514,57,95
514,67,95
515,516,100
515,27,98
517,518,100
517,519,100
517,520,100
517,521,100
517,522,100
517,288,87
518,519,100
518,520,100
518,521,100
518,522,100
518,464,95
518,57,95
518,67,95
519,520,100
519,521,100
519,522,100
519,368,98
520,521,100
520,522,100
521,522,100
521,60,89
523,524,100
523,525,100
523,526,100
523,527,100
523,528,100
523,427,92
523,509,92
523,302,92
524,525,100
524,526,100
524,527,100
524,528,100
524,458,93
525,526,100
525,527,100
525,528,100
526,527,100
526,528,100
526,163,91
526,115,91
527,528,100
527,197,90
527,92,90
527,11,90
527,43,90
529,530,100
529,531,100
529,532,100
529,533,100
529,534,100
529,173,94
529,369,94
530,531,100
530,532,100
530,533,100
530,534,100
531,532,100
531,533,100
531,534,100
532,533,100
532,534,100
532,149,91
532,616,91
532,389,91
532,234,91
533,534,100
533,102,95
533,177,95
533,447,95
533,496,95
535,536,100
535,537,100
535,538,100
535,539,100
535,540,100
535,402,90
536,537,100
536,538,100
536,539,100
536,540,100
536,529,94
536,173,94
536,369,94
537,538,100
537,539,100
537,540,100
537,326,98
537,155,98
538,539,100
538,540,100
538,326,98
538,155,98
539,540,100
539,352,96
539,498,96
541,542,100
541,543,100
541,544,100
541,545,100
541,546,100
541,485,88
541,624,88
541,214,88
541,66,88
542,543,100
542,544,100
542,545,100
542,546,100
543,544,100
543,545,100
543,546,100
543,334,94
544,545,100
544,546,100
544,577,98
545,546,100
545,365,88
547,548,100
547,549,100
547,550,100
547,551,100
547,552,100
547,100,91
547,159,91
547,323,91
548,549,100
548,550,100
548,551,100
548,552,100
548,93,91
548,526,91
548,163,91
548,115,91
549,550,100
549,551,100
549,552,100
549,397,94
549,561,94
549,320,94
550,551,100
550,552,100
551,552,100
551,606,94
551,543,94
551,334,94
553,554,100
553,555,100
553,556,100
553,557,100
553,558,100
553,523,92
553,427,92
553,509,92
553,302,92
554,555,100
554,556,100
554,557,100
554,558,100
554,379,92
554,285,92
554,580,92
555,556,100
555,557,100
555,558,100
555,179,97
555,351,97
556,557,100
556,558,100
556,175,98
556,408,98
557,558,100
557,550,95
559,560,100
559,561,100
559,562,100
559,563,100
559,564,100
560,561,100
560,562,100
560,563,100
560,564,100
560,446,94
560,599,94
560,261,94
561,562,100
561,563,100
561,564,100
561,320,94
562,563,100
562,564,100
563,564,100
563,290,89
563,30,89
563,45,89
565,566,100
565,567,100
565,568,100
565,569,100
565,570,100
565,16,90
565,236,90
565,601,90
566,567,100
566,568,100
566,569,100
566,570,100
566,167,96
566,359,96
567,568,100
567,569,100
567,570,100
567,331,90
568,569,100
568,570,100
568,392,93
568,316,93
568,99,93
568,457,93
569,570,100
569,495,96
571,572,100
571,573,100
571,574,100
571,575,100
571,576,100
571,215,97
572,573,100
572,574,100
572,575,100
572,576,100
572,478,95
572,618,95
572,354,95
572,248,95
573,574,100
573,575,100
573,576,100
573,508,91
574,575,100
574,576,100
574,133,88
574,441,88
574,196,88
575,576,100
575,608,92
575,152,92
577,578,100
577,579,100
577,580,100
577,581,100
577,582,100
578,579,100
578,580,100
578,581,100
578,582,100
579,580,100
579,581,100
579,582,100
579,238,90
579,451,90
580,581,100
580,582,100
581,582,100
581,622,92
583,584,100
583,585,100
583,586,100
583,587,100
583,588,100
583,325,90
583,552,90
583,535,90
583,402,90
584,585,100
584,586,100
584,587,100
584,588,100
584,530,87
585,586,100
585,587,100
585,588,100
585,506,88
585,390,88
585,442,88
585,603,88
586,587,100
586,588,100
586,153,96
586,106,96
586,324,96
587,588,100
587,15,95
587,14,95
587,492,95
589,590,100
589,591,100
589,592,100
589,593,100
589,594,100
589,40,93
590,591,100
590,592,100
590,593,100
590,594,100
590,258,92
590,199,92
591,592,100
591,593,100
591,594,100
591,366,97
592,593,100
592,594,100
592,96,87
593,594,100
593,5,93
593,449,93
593,40,93
595,596,100
595,597,100
595,598,100
595,599,100
595,600,100
595,362,90
595,76,90
595,439,90
596,597,100
596,598,100
596,599,100
596,600,100
596,278,98
596,542,98
597,598,100
597,599,100
597,600,100
597,327,87
597,517,87
597,288,87
598,599,100
598,600,100
598,625,87
599,600,100
599,261,94
6,12,91
6,18,91
6,24,91
6,30,91
6,601,91
6,111,92
6,424,92
6,226,92
12,18,91
12,24,91
12,30,91
12,601,91
12,502,94
12,382,94
12,471,94
12,465,94
18,24,91
18,30,91
18,601,91
24,30,91
24,601,91
24,111,92
24,424,92
24,226,92
30,601,91
30,45,89
36,42,96
36,48,96
36,54,96
36,60,96
36,602,96
36,438,97
36,413,97
36,254,97
36,361,97
42,48,96
42,54,96
42,60,96
42,602,96
48,54,96
48,60,96
48,602,96
48,220,93
48,524,93
48,458,93
54,60,96
54,602,96
54,488,94
54,463,94
60,602,96
66,72,97
66,78,97
66,84,97
66,90,97
66,603,97
72,78,97
72,84,97
72,90,97
72,603,97
72,17,89
72,21,89
72,521,89
72,60,89
78,84,97
78,90,97
78,603,97
78,301,98
78,377,98
78,88,98
78,172,98
84,90,97
84,603,97
84,113,97
84,480,97
84,578,97
90,603,97
90,431,96
96,102,90
96,108,90
96,114,90
96,120,90
96,604,90
102,108,90
102,114,90
102,120,90
102,604,90
102,177,95
102,447,95
102,496,95
108,114,90
108,120,90
108,604,90
114,120,90
114,604,90
114,127,96
114,80,96
114,385,96
114,343,96
120,604,90
120,189,87
120,584,87
120,530,87
126,132,96
126,138,96
126,144,96
126,150,96
126,605,96
132,138,96
132,144,96
132,150,96
132,605,96
132,216,97
132,146,97
132,322,97
138,144,96
138,150,96
138,605,96
138,415,90
144,150,96
144,605,96
144,620,92
144,273,92
150,605,96
150,570,96
150,244,96
156,162,94
156,168,94
156,174,94
156,180,94
156,606,94
162,168,94
162,174,94
162,180,94
162,606,94
162,141,95
168,174,94
168,180,94
168,606,94
168,426,98
168,596,98
168,278,98
168,542,98
174,180,94
174,606,94
174,425,96
180,606,94
180,569,96
180,495,96
186,192,98
186,198,98
186,204,98
186,210,98
186,607,98
186,520,89
192,198,98
192,204,98
192,210,98
192,607,98
192,405,94
198,204,98
198,210,98
198,607,98
198,55,88
198,222,88
198,545,88
198,365,88
204,210,98
204,607,98
204,405,94
204,187,94
210,607,98
210,110,95
210,202,95
216,222,89
216,228,89
216,234,89
216,240,89
216,608,89
216,146,97
216,322,97
222,228,89
222,234,89
222,240,89
222,608,89
222,545,88
222,365,88
228,234,89
228,240,89
228,608,89
228,178,92
228,49,92
228,42,92
234,240,89
234,608,89
240,608,89
240,374,91
240,259,91
240,479,91
240,292,91
246,252,98
246,258,98
246,264,98
246,270,98
246,609,98
246,154,97
246,56,97
246,571,97
246,215,97
252,258,98
252,264,98
252,270,98
252,609,98
252,473,95
252,112,95
252,432,95
258,264,98
258,270,98
258,609,98
258,199,92
264,270,98
264,609,98
264,51,88
264,203,88
264,559,88
270,609,98
270,158,93
270,41,93
270,136,93
276,282,90
276,288,90
276,294,90
276,300,90
276,610,90
282,288,90
282,294,90
282,300,90
282,610,90
282,338,89
282,376,89
282,445,89
288,294,90
288,300,90
288,610,90
294,300,90
294,610,90
300,610,90
306,312,91
306,318,91
306,324,91
306,330,91
306,611,91
306,207,91
312,318,91
312,324,91
312,330,91
312,611,91
312,160,97
312,505,97
318,324,91
318,330,91
318,611,91
318,416,97
318,452,97
318,562,97
324,330,91
324,611,91
330,611,91
330,260,89
330,436,89
330,255,89
336,342,92
336,348,92
336,354,92
336,360,92
336,612,92
342,348,92
342,354,92
342,360,92
342,612,92
342,156,94
348,354,92
348,360,92
348,612,92
348,318,97
348,416,97
348,452,97
348,562,97
354,360,92
354,612,92
354,248,95
360,612,92
366,372,90
366,378,90
366,384,90
366,390,90
366,613,90
372,378,90
372,384,90
372,390,90
372,613,90
372,486,95
372,137,95
372,612,95
372,82,95
378,384,90
378,390,90
378,613,90
378,52,90
384,390,90
384,613,90
384,387,93
384,297,93
390,613,90
390,442,88
390,603,88
396,402,88
396,408,88
396,414,88
396,420,88
396,614,88
396,29,94
396,262,94
396,157,94
402,408,88
402,414,88
402,420,88
402,614,88
408,414,88
408,420,88
408,614,88
414,420,88
414,614,88
414,232,93
414,31,93
414,268,93
420,614,88
420,484,92
420,386,92
426,432,91
426,438,91
426,444,91
426,450,91
426,615,91
426,596,98
426,278,98
426,542,98
432,438,91
432,444,91
432,450,91
432,615,91
438,444,91
438,450,91
438,615,91
438,413,97
438,254,97
438,361,97
444,450,91
444,615,91
444,2,87
444,74,87
444,466,87
444,32,87
450,615,91
450,231,94
450,342,94
450,156,94
456,462,96
456,468,96
456,474,96
456,480,96
456,616,96
462,468,96
462,474,96
462,480,96
462,616,96
462,434,98
462,135,98
468,474,96
468,480,96
468,616,96
468,477,91
468,373,91
468,355,91
474,480,96
474,616,96
474,594,93
480,616,96
480,578,97
486,492,88
486,498,88
486,504,88
486,510,88
486,617,88
486,137,95
486,612,95
486,82,95
492,498,88
492,504,88
492,510,88
492,617,88
498,504,88
498,510,88
498,617,88
504,510,88
504,617,88
504,237,91
504,217,91
510,617,88
510,378,90
510,52,90
516,522,97
516,528,97
516,534,97
516,540,97
516,618,97
516,27,98
522,528,97
522,534,97
522,540,97
522,618,97
528,534,97
528,540,97
528,618,97
528,315,92
528,308,92
528,53,92
534,540,97
534,618,97
534,614,94
534,411,94
534,525,94
540,618,97
540,617,97
540,358,97
540,429,97
540,276,97
546,552,89
546,558,89
546,564,89
546,570,89
546,619,89
546,347,92
552,558,89
552,564,89
552,570,89
552,619,89
552,535,90
552,402,90
558,564,89
558,570,89
558,619,89
558,180,96
558,569,96
558,495,96
564,570,89
564,619,89
564,602,90
570,619,89
570,244,96
576,582,91
576,588,91
576,594,91
576,600,91
576,620,91
576,9,95
576,437,95
576,108,95
582,588,91
582,594,91
582,600,91
582,620,91
582,200,90
582,165,90
582,105,90
588,594,91
588,600,91
588,620,91
588,590,92
588,258,92
588,199,92
594,600,91
594,620,91
600,620,91
600,313,90
600,83,90
600,107,90
601,602,91
601,603,91
601,604,91
601,605,91
601,621,91
602,603,91
602,604,91
602,605,91
602,621,91
603,604,91
603,605,91
603,621,91
604,605,91
604,621,91
604,430,91
604,306,91
604,207,91
605,621,91
606,607,97
606,608,97
606,609,97
606,610,97
606,622,97
606,543,94
606,334,94
607,608,97
607,609,97
607,610,97
607,622,97
607,25,90
607,138,90
607,415,90
608,609,97
608,610,97
608,622,97
608,152,92
609,610,97
609,622,97
609,186,89
609,520,89
610,622,97
610,546,92
610,347,92
611,612,91
611,613,91
611,614,91
611,615,91
611,623,91
611,98,92
611,151,92
611,456,92
612,613,91
612,614,91
612,615,91
612,623,91
612,82,95
613,614,91
613,615,91
613,623,91
613,116,91
613,573,91
613,508,91
614,615,91
614,623,91
614,411,94
614,525,94
615,623,91
615,28,93
615,79,93
616,617,89
616,618,89
616,619,89
616,620,89
616,624,89
616,389,91
616,234,91
617,618,89
617,619,89
617,620,89
617,624,89
617,358,97
617,429,97
617,276,97
618,619,89
618,620,89
618,624,89
618,354,95
618,248,95
619,620,89
619,624,89
619,547,91
619,100,91
619,159,91
619,323,91
620,624,89
620,273,92
621,622,88
621,623,88
621,624,88
621,625,88
621,418,96
621,174,96
621,425,96
622,623,88
622,624,88
622,625,88
623,624,88
623,625,88
623,266,88
623,346,88
623,131,88
623,428,88
624,625,88
624,214,88
624,66,88
